zip,total,grand_total,percent
20106,100,20328513.18,4.919198916051764e-4
20109,250,20328513.18,0.001229799729012941
20111,75,20328513.18,3.689399187038823e-4
20130,27.5,20328513.18,1.352779701914235e-4
20137,1010,20328513.18,0.004968390905212282
20143,75,20328513.18,3.689399187038823e-4
20145,120,20328513.18,5.903038699262117e-4
20146,52,20328513.18,2.557983436346918e-4
20147,250,20328513.18,0.001229799729012941
20155,634,20328513.18,0.003118772112776818
20172,750,20328513.18,0.003689399187038823
20175,50,20328513.18,2.459599458025882e-4
20184,857,20328513.18,0.0042157534710563615
20185,29345,20328513.18,0.14435389219153902
20186,20,20328513.18,9.838397832103528e-5
20190,1135,20328513.18,0.005583290769718753
20193,75,20328513.18,3.689399187038823e-4
20194,25,20328513.18,1.229799729012941e-4
20201,25,20328513.18,1.229799729012941e-4
20207,1000,20328513.18,0.004919198916051764
20227,25,20328513.18,1.229799729012941e-4
20236,314.5,20328513.18,0.00154708805909828
20406,19,20328513.18,9.346477940498352e-5
20409,165,20328513.18,8.116678211485411e-4
20417,90,20328513.18,4.427279024446588e-4
20464,25,20328513.18,1.229799729012941e-4
20475,20,20328513.18,9.838397832103528e-5
20507,35,20328513.18,1.7217196206181174e-4
20509,25,20328513.18,1.229799729012941e-4
20518,15,20328513.18,7.378798374077646e-5
20580,521,20328513.18,0.002562902635262969
20601,26617.81,20328513.18,0.1309383020996718
20602,10456.44,20328513.18,0.05143730831376031
20603,41199.67,20328513.18,0.20266937200569038
20604,541,20328513.18,0.0026612866135840045
20606,16.5,20328513.18,8.116678211485411e-5
20607,20866.61,20328513.18,0.1026470052936749
20608,305.5,20328513.18,0.001502815268853814
20609,148,20328513.18,7.28041439575661e-4
20610,80.88,20328513.18,3.9786480833026665e-4
20613,13728.93,20328513.18,0.06753533757455055
20614,5,20328513.18,2.459599458025882e-5
20615,81.5,20328513.18,4.0091471165821873e-4
20616,4124.56,20328513.18,0.020289531081190467
20617,1209.7,20328513.18,0.005950754928747819
20618,606.5,20328513.18,0.002983494142585395
20619,7242.92,20328513.18,0.035629364213049644
20620,755.5,20328513.18,0.0037164547810771076
20621,29,20328513.18,1.4265676856550116e-4
20622,1011.5,20328513.18,0.00497576970358636
20623,3668.56,20328513.18,0.01804637637547086
20624,139.5,20328513.18,6.862282487892211e-4
20625,1323.26,20328513.18,0.006509379157654658
20626,602.5,20328513.18,0.0029638173469211876
20628,5149,20328513.18,0.025328955218750532
20629,425,20328513.18,0.0020906595393219997
20630,325,20328513.18,0.0015987396477168234
20634,5724.86,20328513.18,0.028161725106548102
20636,10881.22,20328513.18,0.05352688562932078
20637,4259.2,20328513.18,0.020951852023247675
20639,20916.44,20328513.18,0.10289212897566175
20640,3346.04,20328513.18,0.016459836341065844
20645,90,20328513.18,4.427279024446588e-4
20646,17083.51,20328513.18,0.08403718387435946
20647,10,20328513.18,4.919198916051764e-5
20650,15514.9,20328513.18,0.0763208792626515
20653,14846.55,20328513.18,0.07303313266710831
20657,21773.5,20328513.18,0.10710817759865308
20658,1210.68,20328513.18,0.00595557574368555
20659,8196.36,20328513.18,0.04031952522757004
20662,1315.18,20328513.18,0.006469632030412959
20664,2169,20328513.18,0.010669742448916275
20667,428.5,20328513.18,0.0021078767355281807
20670,211,20328513.18,0.0010379509712869224
20674,1663.22,20328513.18,0.008181710021155615
20675,4320,20328513.18,0.02125093931734362
20676,14001.13,20328513.18,0.06887434351949984
20677,2125,20328513.18,0.01045329769661
20678,6720.36,20328513.18,0.03305878762747763
20680,3675,20328513.18,0.01807805601649023
20682,25,20328513.18,1.229799729012941e-4
20684,193,20328513.18,9.494053907979905e-4
20685,6451.44,20328513.18,0.031735916654972995
20686,3420.7,20328513.18,0.01682710373213827
20687,268,20328513.18,0.0013183453095018728
20688,16402.21,20328513.18,0.0806857336528534
20689,762,20328513.18,0.003748429574031444
20690,1415.24,20328513.18,0.006961847073953098
20692,220.47,20328513.18,0.0010845357850219324
20693,910.9,20328513.18,0.0044808982926315515
20695,8587.4,20328513.18,0.042243128771702915
20696,55,20328513.18,2.70555940382847e-4
20698,92.85,20328513.18,4.5674761935540634e-4
20701,1345,20328513.18,0.006616322542089623
20702,159,20328513.18,7.821526276522306e-4
20703,165.24,20328513.18,8.128484288883936e-4
20704,43,20328513.18,2.1152555339022585e-4
20705,41035.37,20328513.18,0.2018611476237831
20706,45613.48,20328513.18,0.22438178137334885
20707,66373.67,20328513.18,0.3265052855183775
20708,29724.83,20328513.18,0.14622235151582297
20709,486,20328513.18,0.0023907306732011573
20710,5424.5,20328513.18,0.026684194520122797
20711,19099.27,20328513.18,0.09395310828137998
20712,21893.91,20328513.18,0.10770049834013487
20713,80,20328513.18,3.935359132841411e-4
20714,7062.41,20328513.18,0.03474139961671314
20715,52535.25,20328513.18,0.2584313448545084
20716,35491,20328513.18,0.17458728872959317
20717,245,20328513.18,0.0012052037344326822
20718,3987.9,20328513.18,0.01961727335732283
20720,97557.53,20328513.18,0.47990489582868745
20721,122700.42,20328513.18,0.6035877730630962
20722,15413.47,20328513.18,0.07582192491659638
20723,47158.03,20328513.18,0.23197973005913658
20724,16990.48,20328513.18,0.08357955079919918
20725,624,20328513.18,0.0030695801236163005
20726,178.5,20328513.18,8.780770065152398e-4
20727,10,20328513.18,4.919198916051764e-5
20729,15,20328513.18,7.378798374077646e-5
20731,159,20328513.18,7.821526276522306e-4
20732,16660.18,20328513.18,0.08195473939722728
20733,8591.1,20328513.18,0.042261329807692316
20734,49,20328513.18,2.4104074688653643e-4
20735,49239.74,20328513.18,0.24222007563467068
20736,17574.63,20328513.18,0.08645310084601082
20737,22759.88,20328513.18,0.11196037702546824
20738,662.5,20328513.18,0.003258969281884294
20740,55985.85,20328513.18,0.2754055326342366
20741,16193.2,20328513.18,0.07965757188740943
20742,444,20328513.18,0.0021841243187269836
20743,21754.45,20328513.18,0.1070144668593023
20744,96990.27,20328513.18,0.477114431051568
20745,37537.44,20328513.18,0.18465413415935814
20746,17308.44,20328513.18,0.08514365928654699
20747,24257.35,20328513.18,0.11932672982628825
20748,36519.45,20328513.18,0.17964643885480658
20749,3599,20328513.18,0.0177041968988703
20750,2515.76,20328513.18,0.012375523865046386
20751,10899.08,20328513.18,0.05361474252196145
20752,275,20328513.18,0.0013527797019142352
20753,1117,20328513.18,0.005494745189229821
20754,7766.02,20328513.18,0.03820259716603633
20755,2158.54,20328513.18,0.010618287628254376
20756,25,20328513.18,1.229799729012941e-4
20757,150,20328513.18,7.378798374077646e-4
20758,1886.29,20328513.18,0.009279035723359282
20759,25238.81,20328513.18,0.12415472679443644
20760,27.5,20328513.18,1.352779701914235e-4
20762,728,20328513.18,0.0035811768108856847
20763,6937.68,20328513.18,0.034127827935914005
20764,13764.1,20328513.18,0.06770834580042809
20765,2040,20328513.18,0.010035165788745599
20768,642.5,20328513.18,0.0031605853035632583
20769,40900.44,20328513.18,0.20119740011404022
20770,94850.85,20328513.18,0.4665901985065885
20772,77618.04,20328513.18,0.38181857823406246
20773,640.3,20328513.18,0.0031497630659479445
20774,87764.19,20328513.18,0.4317295083161611
20775,335,20328513.18,0.0016479316368773408
20776,7794.5,20328513.18,0.038342695951165476
20777,25644.29,20328513.18,0.1261493635709171
20778,3251.97,20328513.18,0.015997087299032854
20779,16548.51,20328513.18,0.08140541245427177
20781,44207.49,20328513.18,0.2174654368893692
20782,102910.54,20328513.18,0.5062374168183017
20783,23054.53,20328513.18,0.11340981898608288
20784,16966.52,20328513.18,0.08346168679317058
20785,47805.02,20328513.18,0.23516240256583287
20786,4.4,20328513.18,2.1644475230627763e-5
20787,248,20328513.18,0.0012199613311808376
20791,754.5,20328513.18,0.0037115355821610557
20792,2698.4599999999996,20328513.18,0.013274261507009041
20794,9360.8,20328513.18,0.04604763721337735
20795,246,20328513.18,0.0012101229333487341
20798,25,20328513.18,1.229799729012941e-4
20800,275,20328513.18,0.0013527797019142352
20801,30,20328513.18,1.4757596748155293e-4
20802,75,20328513.18,3.689399187038823e-4
20803,161.5,20328513.18,7.944506249423599e-4
20804,50,20328513.18,2.459599458025882e-4
20805,2918.5,20328513.18,0.014356682036497072
20806,117,20328513.18,5.755462731780565e-4
20807,75,20328513.18,3.689399187038823e-4
20810,4162.6,20328513.18,0.020476657407957073
20812,9983.2,20328513.18,0.04910934661872797
20813,5800,20328513.18,0.02853135371310023
20814,852308.93,20328513.18,4.19267716459724
20815,2476159.11,20328513.18,12.1807192098837
20816,626049.57,20328513.18,3.079662366138673
20817,1340696.1,20328513.18,6.595150801874829
20818,92990.91,20328513.18,0.4574407836746672
20819,25,20328513.18,1.229799729012941e-4
20824,2735.5,20328513.18,0.013456468634859602
20825,1118.19,20328513.18,0.005500599035939922
20827,1020.98,20328513.18,0.00502240370931053
20830,880,20328513.18,0.004328895046125552
20832,115354.08,20328513.18,0.5674496652981486
20833,34761.42,20328513.18,0.17099833958442012
20834,208,20328513.18,0.0010231933745387671
20835,299.72,20328513.18,0.0014743822991190349
20836,339,20328513.18,0.001667608432541548
20837,24140.17,20328513.18,0.1187502980973053
20838,5862.5,20328513.18,0.028838803645353468
20839,250,20328513.18,0.001229799729012941
20840,20,20328513.18,9.838397832103528e-5
20841,51763.85,20328513.18,0.2546366748106661
20842,11821.21,20328513.18,0.05815088341842027
20843,153,20328513.18,7.526374341559199e-4
20846,15,20328513.18,7.378798374077646e-5
20847,50,20328513.18,2.459599458025882e-4
20848,310,20328513.18,0.001524951663976047
20849,1622.86,20328513.18,0.007983171152903765
20850,362622.99,20328513.18,1.7838146193434496
20851,26691.79,20328513.18,0.1313022244354813
20852,432156.09,20328513.18,2.1258617694931687
20853,120246.59,20328513.18,0.5915168951869209
20854,1032443.47,20328513.18,5.078794798508722
20855,83307.91,20328513.18,0.4098081805705379
20859,4594.5,20328513.18,0.02260125941979983
20860,27266.39,20328513.18,0.13412879613264467
20861,19561.2,20328513.18,0.09622543383667177
20862,1383.5,20328513.18,0.0068057117003576155
20864,111.5,20328513.18,5.484906791397717e-4
20865,700,20328513.18,0.0034434392412362354
20866,38466.98,20328513.18,0.1892267263197849
20868,2733.27,20328513.18,0.013445498821276804
20869,41.25,20328513.18,2.0291695528713526e-4
20870,27,20328513.18,1.3281837073339764e-4
20871,28163.28,20328513.18,0.1385407764484623
20872,25675.41,20328513.18,0.12630244904118462
20874,106671.36,20328513.18,0.5247376384857675
20875,2971.8,20328513.18,0.014618875338722633
20876,41433.01,20328513.18,0.20381721788076193
20877,75438.76,20328513.18,0.37109826642028915
20878,321611.91,20328513.18,1.5820729590613374
20879,38186.58,20328513.18,0.187847382943724
20880,17330.52,20328513.18,0.08525227519861342
20882,49470.73,20328513.18,0.2433563613922895
20883,24499.01,20328513.18,0.12051550343634132
20885,167,20328513.18,8.215062189806445e-4
20886,81079.51,20328513.18,0.3988462377060082
20887,100,20328513.18,4.919198916051764e-4
20888,100,20328513.18,4.919198916051764e-4
20891,62,20328513.18,3.049903327952094e-4
20892,37.5,20328513.18,1.8446995935194116e-4
20893,35,20328513.18,1.7217196206181174e-4
20895,308058.19,20328513.18,1.5153995143288685
20896,25793.67,20328513.18,0.1268841935049969
20898,145.5,20328513.18,7.157434422855317e-4
20899,3250,20328513.18,0.015987396477168236
20901,265229.22,20328513.18,1.3047152915292548
20902,233189.66,20328513.18,1.1471063227064795
20903,62539.18,20328513.18,0.3076426664667662
20904,288676.34,20328513.18,1.4200563388177905
20905,97625.31,20328513.18,0.4802383191312175
20906,281501.71,20328513.18,1.3847629066987182
20907,881,20328513.18,0.004333814245041604
20908,175,20328513.18,8.608598103090588e-4
20910,645064.74,20328513.18,3.173201769791213
20911,1332,20328513.18,0.00655237295618095
20912,565004.06,20328513.18,2.779367359516846
20913,115225.42,20328513.18,0.5668167611656093
20914,1686,20328513.18,0.008293769372463275
20916,2831.68,20328513.18,0.013929597186605459
20917,100,20328513.18,4.919198916051764e-4
20919,105,20328513.18,5.165158861854352e-4
20920,271,20328513.18,0.001333102906250028
20950,25,20328513.18,1.229799729012941e-4
20952,70,20328513.18,3.443439241236235e-4
20953,19258.24,20328513.18,0.09473511333306474
20954,391.7,20328513.18,0.001926850215417476
20963,45.22,20328513.18,2.2244617498386077e-4
20978,27.5,20328513.18,1.352779701914235e-4
20979,3,20328513.18,1.4757596748155293e-5
20985,50,20328513.18,2.459599458025882e-4
20991,75,20328513.18,3.689399187038823e-4
20992,104.1,20328513.18,5.120886071609886e-4
20994,1594,20328513.18,0.007841203072186512
20995,79.5,20328513.18,3.910763138261153e-4
20996,33.5,20328513.18,1.647931636877341e-4
21001,27737.74,20328513.18,0.13644746054172568
21003,50,20328513.18,2.459599458025882e-4
21004,250,20328513.18,0.001229799729012941
21005,1301.12,20328513.18,0.006400468093653271
21009,18762.16,20328513.18,0.09229479713478976
21010,4170.9,20328513.18,0.020517486758960302
21012,78343,20328513.18,0.3853848006802434
21013,5974.25,20328513.18,0.02938852412422225
21014,60621.04,20328513.18,0.29820695425793065
21015,95821.03,20328513.18,0.47136270691096355
21016,45,20328513.18,2.213639512223294e-4
21017,4196.72,20328513.18,0.020644500474972762
21019,450,20328513.18,0.002213639512223294
21020,35,20328513.18,1.7217196206181174e-4
21022,1252,20328513.18,0.006158837042896809
21023,978.6,20328513.18,0.004813928059248257
21024,24.2,20328513.18,1.190446137684527e-4
21025,60,20328513.18,2.9515193496310586e-4
21027,100,20328513.18,4.919198916051764e-4
21028,5138.14,20328513.18,0.025275532718522214
21029,52256.39,20328513.18,0.2570595770447783
21030,88428.48,20328513.18,0.4349972829641051
21032,35314.24,20328513.18,0.17371777112919184
21033,127.5,20328513.18,6.271978617965999e-4
21034,2481.33,20328513.18,0.012206155846366723
21035,43091.73,20328513.18,0.2119767915067953
21036,4457.42,20328513.18,0.021926935632387456
21037,53078.12,20328513.18,0.26110183037006546
21038,5,20328513.18,2.459599458025882e-5
21040,7597.5,20328513.18,0.03737361376470328
21041,69.5,20328513.18,3.418843246655976e-4
21042,212014.27,20328513.18,1.042940367171506
21043,110968.32,20328513.18,0.5458752394600853
21044,275218.94,20328513.18,1.3538567113249154
21045,159432.62,20328513.18,0.7842807714872928
21046,58188.4,20328513.18,0.2862403142067865
21047,14208.02,20328513.18,0.06989207658324179
21048,10694.23,20328513.18,0.05260704462400825
21050,21222.82,20328513.18,0.1043992731395617
21051,787,20328513.18,0.0038714095469327384
21052,5,20328513.18,2.459599458025882e-5
21053,2589.16,20328513.18,0.012736593065484586
21054,17548.78,20328513.18,0.08632593955403087
21055,1000,20328513.18,0.004919198916051764
21056,12752.5,20328513.18,0.06273208417695013
21057,18056.99,20328513.18,0.08882592563515755
21058,205,20328513.18,0.0010084357777906117
21060,52983.69,20328513.18,0.2606373104164227
21061,32546.4,20328513.18,0.16010221560138715
21062,371,20328513.18,0.0018250227978552046
21069,24.5,20328513.18,1.2052037344326822e-4
21071,1953.5,20328513.18,0.00960965508250712
21073,75,20328513.18,3.689399187038823e-4
21074,26773.02,20328513.18,0.1317018109634322
21075,31803.44,20328513.18,0.15644744757471732
21076,35991.71,20328513.18,0.17705038081884944
21077,645,20328513.18,0.0031728833008533882
21078,52199.86,20328513.18,0.25678149473005385
21082,730.92,20328513.18,0.003595540871720555
21083,45,20328513.18,2.213639512223294e-4
21084,5903.96,20328513.18,0.029042753632412974
21085,10388.52,20328513.18,0.051103196323382075
21087,2872.35,20328513.18,0.014129661006521285
21090,8394.64,20328513.18,0.04129490398864478
21093,100859.02,20328513.18,0.49614558185804325
21094,2111,20328513.18,0.010384428911785273
21101,228.8,20328513.18,0.0011255127119926436
21102,6690.81,20328513.18,0.03291342529950831
21104,18593.88,20328513.18,0.09146699434119658
21105,70,20328513.18,3.443439241236235e-4
21106,250,20328513.18,0.001229799729012941
21108,39812.55,20328513.18,0.19584585280525668
21111,22119.91,20328513.18,0.10881223729516257
21112,37.5,20328513.18,1.8446995935194116e-4
21113,70935.15,20328513.18,0.3489441129899693
21114,42239.22,20328513.18,0.20778312523887202
21117,93614.29,20328513.18,0.4605073138949555
21118,5,20328513.18,2.459599458025882e-5
21120,19602.23,20328513.18,0.09642726856819737
21122,33814.73,20328513.18,0.16634138316258307
21123,281,20328513.18,0.0013822948954105457
21127,61,20328513.18,3.000711338791576e-4
21128,7233.1,20328513.18,0.035581057679694016
21130,10,20328513.18,4.919198916051764e-5
21131,30505.57,20328513.18,0.1500629668775412
21132,5315.54,20328513.18,0.026148198606229793
21133,22103.65,20328513.18,0.10873225112078759
21134,26,20328513.18,1.278991718173459e-4
21135,20,20328513.18,9.838397832103528e-5
21136,52960.24,20328513.18,0.26052195520184124
21139,2115.97,20328513.18,0.01040887733039805
21140,4726.27,20328513.18,0.023249462260967975
21141,110,20328513.18,5.41111880765694e-4
21143,25,20328513.18,1.229799729012941e-4
21144,35828.15,20328513.18,0.17624579664414003
21145,3772.63,20328513.18,0.018558317406664367
21146,70244.53,20328513.18,0.34554681583456565
21147,84,20328513.18,4.132127089483482e-4
21150,209,20328513.18,0.0010281125734548186
21152,11330.96,20328513.18,0.055739246149825894
21153,9738.41,20328513.18,0.04790517591606766
21154,2182.7,20328513.18,0.010737135474066186
21155,3240.2,20328513.18,0.015939188327790926
21156,140,20328513.18,6.88687848247247e-4
21157,32402.09,20328513.18,0.1593923260058117
21158,22464.46,20328513.18,0.1105071472816882
2116,110,20328513.18,5.41111880765694e-4
21160,1060.9,20328513.18,0.005218778130039317
21161,6702.56,20328513.18,0.03297122588677191
21162,1595.2,20328513.18,0.007847106110885774
21163,30176.28,20328513.18,0.14844312386647454
21167,3,20328513.18,1.4757596748155293e-5
21174,117,20328513.18,5.755462731780565e-4
21200,130,20328513.18,6.394958590867294e-4
21201,82719.03,20328513.18,0.40691136271285333
21202,45354.85,20328513.18,0.22310952895769035
21203,411.5,20328513.18,0.0020242503539553013
21204,117834.82,20328513.18,0.5796529188171547
21205,2978.94,20328513.18,0.014653998418983242
21206,16673.48,20328513.18,0.08202016474281076
21207,34070.12,20328513.18,0.16759769737375355
21208,137641.51,20328513.18,0.6770859667957281
21209,130606.97,20328513.18,0.6424816652528054
21210,260565.02,20328513.18,1.2817711639450062
21211,74976.25,20328513.18,0.3688230877296261
21212,242068.99,20328513.18,1.1907855132177454
21213,16141.18,20328513.18,0.07940167515979642
21214,32376.71,20328513.18,0.1592674767373223
21215,29343.13,20328513.18,0.144344693289566
21216,9890.39,20328513.18,0.048652795767329206
21217,58129.64,20328513.18,0.28595126207847926
21218,233353.34,20328513.18,1.1479114971850588
21219,3516.2,20328513.18,0.017296887228621213
21220,9782.31,20328513.18,0.04812112874848233
21221,6303.52,20328513.18,0.031008268751310616
21222,11690.12,20328513.18,0.05750602563251505
21223,3205.8,20328513.18,0.015769967885078746
21224,56778.43,20328513.18,0.27930439131112095
21225,4071.32,20328513.18,0.020027632930899868
21226,3032.2,20328513.18,0.01491599495325216
21227,11353.08,20328513.18,0.055848058829848966
21228,103301,20328513.18,0.5081581672270633
21229,23745.39,20328513.18,0.1168082967492264
21230,116684.92,20328513.18,0.5739963319835868
21231,51431.23,20328513.18,0.253000450867209
21232,328,20328513.18,0.0016134972444649786
21234,61279.74,20328513.18,0.3014472305839339
21235,16.5,20328513.18,8.116678211485411e-5
21236,14840.77,20328513.18,0.07300469969737354
21237,11458.52,20328513.18,0.056366739163557465
21238,95,20328513.18,4.6732389702491763e-4
21239,24702.59,20328513.18,0.12151695395167116
21240,25,20328513.18,1.229799729012941e-4
21243,2,20328513.18,9.838397832103528e-6
21244,20889.98,20328513.18,0.10276196697234304
21245,27.5,20328513.18,1.352779701914235e-4
21246,25,20328513.18,1.229799729012941e-4
21248,27.5,20328513.18,1.352779701914235e-4
21250,2000,20328513.18,0.009838397832103527
21251,74.7,20328513.18,3.674641590290668e-4
21252,100,20328513.18,4.919198916051764e-4
21257,57.08,20328513.18,2.807878741282347e-4
21258,45,20328513.18,2.213639512223294e-4
21282,1787.5,20328513.18,0.00879306806244253
21283,25,20328513.18,1.229799729012941e-4
21284,1263.5,20328513.18,0.006215407830431404
21285,279.1,20328513.18,0.0013729484174700476
21286,49783.92,20328513.18,0.24489700530080774
21287,175,20328513.18,8.608598103090588e-4
21292,45,20328513.18,2.213639512223294e-4
21293,25,20328513.18,1.229799729012941e-4
21296,101,20328513.18,4.968390905212282e-4
21297,50,20328513.18,2.459599458025882e-4
2130,45,20328513.18,2.213639512223294e-4
21301,100,20328513.18,4.919198916051764e-4
21302,190,20328513.18,9.346477940498353e-4
21304,64,20328513.18,3.148287306273129e-4
21306,126,20328513.18,6.198190634225223e-4
21307,70,20328513.18,3.443439241236235e-4
21308,31,20328513.18,1.524951663976047e-4
21309,5.5,20328513.18,2.7055594038284703e-5
21310,21.5,20328513.18,1.0576277669511292e-4
21313,3,20328513.18,1.4757596748155293e-5
21317,15,20328513.18,7.378798374077646e-5
21318,188,20328513.18,9.248093962177317e-4
21328,60,20328513.18,2.9515193496310586e-4
21330,60,20328513.18,2.9515193496310586e-4
21334,25,20328513.18,1.229799729012941e-4
21336,20,20328513.18,9.838397832103528e-5
21344,67,20328513.18,3.295863273754682e-4
21401,258681.51,20328513.18,1.2725058035946337
21402,1472.22,20328513.18,0.007242143028189729
21403,188658.41,20328513.18,0.9280482459760493
21404,270.6,20328513.18,0.0013311352266836074
21405,11636.96,20328513.18,0.05724452101813773
21408,49,20328513.18,2.4104074688653643e-4
21409,67478.85,20328513.18,0.33194188577641964
21412,10,20328513.18,4.919198916051764e-5
21422,44.5,20328513.18,2.1890435176430352e-4
21428,40,20328513.18,1.9676795664207055e-4
21491,15,20328513.18,7.378798374077646e-5
21493,50,20328513.18,2.459599458025882e-4
21498,150,20328513.18,7.378798374077646e-4
21501,115,20328513.18,5.657078753459529e-4
21502,30686.86,20328513.18,0.15095476844903225
21503,103,20328513.18,5.066774883533317e-4
21504,5.5,20328513.18,2.7055594038284703e-5
21520,172.5,20328513.18,8.485618130189293e-4
21521,168.5,20328513.18,8.288850173547223e-4
21530,5845.3,20328513.18,0.02875419342399738
21531,446.1,20328513.18,0.0021944546364506923
21532,7935.4,20328513.18,0.03903581107843717
21536,1244.3,20328513.18,0.00612095921124321
21539,97,20328513.18,4.771622948570212e-4
21541,1165.67,20328513.18,0.00573416260047406
21545,173.5,20328513.18,8.534810119349811e-4
21550,9914.01,20328513.18,0.048768987245726356
21555,4643,20328513.18,0.02283984056722834
21557,165,20328513.18,8.116678211485411e-4
21560,13,20328513.18,6.394958590867295e-5
21561,2350.7,20328513.18,0.011563560891962883
21562,174,20328513.18,8.55940611393007e-4
21592,16.5,20328513.18,8.116678211485411e-5
21601,98872.32,20328513.18,0.4863726093715232
21602,5,20328513.18,2.459599458025882e-5
21607,110,20328513.18,5.41111880765694e-4
21610,9877.32,20328513.18,0.04858850183749641
21612,4548,20328513.18,0.022372516670203423
21613,21287.97,20328513.18,0.10471975894894249
21614,15,20328513.18,7.378798374077646e-5
21617,11513.66,20328513.18,0.056637983791788554
21619,17950.83,20328513.18,0.08830370347822951
21620,91615.14,20328513.18,0.4506730973819306
21622,55,20328513.18,2.70555940382847e-4
21623,2102.5,20328513.18,0.010342615720998833
21624,1341,20328513.18,0.006596645746425415
21625,1094.22,20328513.18,0.005382685837922161
21628,483.5,20328513.18,0.002378432675911028
21629,4987.22,20328513.18,0.02453312721811168
21631,152.5,20328513.18,7.50177834697894e-4
21632,3807.83,20328513.18,0.01873147320850939
21635,3784.59,20328513.18,0.018617151025700347
21636,211,20328513.18,0.0010379509712869224
21638,8485.12,20328513.18,0.04173999310656915
21639,2797.75,20328513.18,0.013762688767383824
21640,15,20328513.18,7.378798374077646e-5
21641,88,20328513.18,4.3288950461255524e-4
21643,3808.88,20328513.18,0.018736638367371244
21645,2012.83,20328513.18,0.009901511154196473
21647,3788.28,20328513.18,0.01863530286970058
21649,241.5,20328513.18,0.0011879865382265012
21650,2846,20328513.18,0.014000040115083321
21651,1921,20328513.18,0.009449781117735439
21652,1204.36,20328513.18,0.005924486406536102
21653,16,20328513.18,7.870718265682822e-5
21654,55050.57,20328513.18,0.27080470427203174
21655,1154,20328513.18,0.0056767555491237355
21657,2191.5,20328513.18,0.010780424424527441
21658,6788.15,20328513.18,0.03339226012199678
21660,3022,20328513.18,0.01486581912430843
21661,4998.62,20328513.18,0.02458920608575467
21662,38539.58,20328513.18,0.18958386016109025
21663,36987.95,20328513.18,0.18195108354697684
21664,35,20328513.18,1.7217196206181174e-4
21665,1187,20328513.18,0.005839089113353443
21666,19029.29,20328513.18,0.09360886274123467
21667,2544.34,20328513.18,0.012516114570067146
21668,791.3,20328513.18,0.003892562102271761
21669,1660.5,20328513.18,0.008168329800103954
21671,3601.3,20328513.18,0.01771551105637722
21672,229,20328513.18,0.001126496551775854
21673,2351.5,20328513.18,0.011567496251095724
21676,1101,20328513.18,0.005416038006572992
21677,111.5,20328513.18,5.484906791397717e-4
21678,2775.46,20328513.18,0.013653039823545031
21679,257,20328513.18,0.0012642341214253033
21701,104139.09,20328513.18,0.5122808986466171
21702,59244.57,20328513.18,0.29143582452595285
21703,28041.77,20328513.18,0.1379430445881729
21704,22291.88,20328513.18,0.10965819193275601
21705,1584.5,20328513.18,0.00779447068248402
21710,12793.66,20328513.18,0.0629345584043348
21711,38.5,20328513.18,1.893891582679929e-4
21713,5475.23,20328513.18,0.026933745481134096
21714,1572.5,20328513.18,0.007735440295491399
21715,965,20328513.18,0.004747026953989953
21716,5642.74,20328513.18,0.027757760491561933
21717,732.5,20328513.18,0.0036033132060079172
21718,3694,20328513.18,0.018171520795895214
21719,25,20328513.18,1.229799729012941e-4
21720,60,20328513.18,2.9515193496310586e-4
21722,851.5,20328513.18,0.004188697877018078
21723,367.5,20328513.18,0.0018078056016490231
21727,4511.63,20328513.18,0.02219360540562662
21730,0,20328513.18,0
21733,287,20328513.18,0.0014118100889068564
21734,133,20328513.18,6.542534558348846e-4
21737,7322.46,20328513.18,0.0360206372948324
21738,15037.92,20328513.18,0.07397451976367315
21740,19179.42,20328513.18,0.09434738207450151
21741,640,20328513.18,0.003148287306273129
21742,32889.41,20328513.18,0.16178955002158207
21743,30,20328513.18,1.4757596748155293e-4
21750,14904.93,20328513.18,0.07332031549982741
21753,216.5,20328513.18,0.0010650065653252069
21754,19918.18,20328513.18,0.09798148946572392
21755,8883.94,20328513.18,0.04370186801826891
21756,9968.27,20328513.18,0.049035902978911326
21757,875.7,20328513.18,0.00430774249078653
21758,7459.4,20328513.18,0.03669427239439652
21762,740,20328513.18,0.0036402071978783057
21765,675.3,20328513.18,0.003321935028009756
21767,302,20328513.18,0.0014855980726476328
21768,42.5,20328513.18,2.0906595393219997e-4
21769,18807.57,20328513.18,0.09251817795756767
21770,7734.59,20328513.18,0.03804798674410482
21771,27485.39,20328513.18,0.13520610069526
21773,7998.66,20328513.18,0.039346999601866606
21774,14034.81,20328513.18,0.06904002213899246
21775,110,20328513.18,5.41111880765694e-4
21776,4971.74,20328513.18,0.0244569780188912
21777,2415.7,20328513.18,0.011883308821506245
21778,581.5,20328513.18,0.0028605141696841007
21779,4644.86,20328513.18,0.022848990277212197
21780,1868,20328513.18,0.009189063575184694
21781,105,20328513.18,5.165158861854352e-4
21782,2529.42,20328513.18,0.012442720122239653
21783,8533.64,20328513.18,0.04197867263797597
21784,75000.46,20328513.18,0.3689421815353837
21787,2933.7,20328513.18,0.014431453860021058
21788,23259.35,20328513.18,0.1144173693080686
21791,5826.79,20328513.18,0.028663139052061255
21792,185,20328513.18,9.100517994695764e-4
21793,19038.67,20328513.18,0.09365500482706723
21794,5176.07,20328513.18,0.02546211793340805
21795,4091.77,20328513.18,0.020128230548733125
21797,34859.72,20328513.18,0.17148189683786802
21798,3328.34,20328513.18,0.01637276652025173
21801,24053.25,20328513.18,0.11832272132752211
21802,438.22,20328513.18,0.0021556913489922044
21804,29030.13,20328513.18,0.1428049840288418
21806,30,20328513.18,1.4757596748155293e-4
21811,58201.62,20328513.18,0.2863053460164567
21812,12.37,20328513.18,6.085049059156032e-5
21813,3459.72,20328513.18,0.017019050873842607
21814,601.82,20328513.18,0.002960472291658273
21816,864,20328513.18,0.004250187863468724
21817,928.54,20328513.18,0.0045676729615107044
21821,800.42,20328513.18,0.0039374251963861535
21822,1130.89,20328513.18,0.00556307286217378
21824,213,20328513.18,0.0010477893691190259
21826,1614.72,20328513.18,0.007943128873727105
21830,1502.5,20328513.18,0.007391096371367775
21835,20,20328513.18,9.838397832103528e-5
21837,412.5,20328513.18,0.002029169552871353
21838,817.8,20328513.18,0.004022920873547133
21840,1351,20328513.18,0.006645837735585933
21841,182.5,20328513.18,8.97753802179447e-4
21842,11196.53,20328513.18,0.05507795823954106
21843,963.26,20328513.18,0.004738467547876023
21849,916.42,20328513.18,0.004508052270648158
21850,412,20328513.18,0.002026709953413327
21851,3100.82,20328513.18,0.015253550382871633
21853,1125.07,20328513.18,0.0055344431244823585
21856,491.5,20328513.18,0.0024177862672394423
21861,50,20328513.18,2.459599458025882e-4
21863,4112.72,20328513.18,0.020231287766024415
21864,298,20328513.18,0.0014659212769834258
21865,1160.4,20328513.18,0.005708238422186468
21867,38.5,20328513.18,1.893891582679929e-4
21869,447.1,20328513.18,0.002199373835366744
21871,349.5,20328513.18,0.0017192600211600915
21872,163.5,20328513.18,8.042890227744635e-4
21874,313,20328513.18,0.0015397092607242022
21875,5155.56,20328513.18,0.025361225163639835
21884,50,20328513.18,2.459599458025882e-4
21901,10491.42,20328513.18,0.051609381891843796
21902,50,20328513.18,2.459599458025882e-4
21903,5756.78,20328513.18,0.028318745935948478
21904,3114.92,20328513.18,0.015322911087587961
21911,4427.14,20328513.18,0.02177798228920941
21912,1775.5,20328513.18,0.008734037675449908
21913,913,20328513.18,0.00449122861035526
21914,1150,20328513.18,0.0056570787534595286
21915,2856.96,20328513.18,0.014053954535203248
21916,24,20328513.18,1.1806077398524234e-4
21917,2447.5,20328513.18,0.012039739347036693
21918,1089.7,20328513.18,0.005360451058821608
21919,3280.2,20328513.18,0.016135956284432994
21920,52.5,20328513.18,2.582579430927176e-4
21921,23156.18,20328513.18,0.11390985555589954
21922,780,20328513.18,0.003836975154520376
21924,14,20328513.18,6.886878482472469e-5
21931,10.8,20328513.18,5.312734829335905e-5
21943,16.5,20328513.18,8.116678211485411e-5
21965,60,20328513.18,2.9515193496310586e-4
21975,60,20328513.18,2.9515193496310586e-4
