GEOID,NAME,variable,estimate,moe,total
27006,ZCTA5 27006,income,14329,801,5665
27007,ZCTA5 27007,income,2550,510,0
27009,ZCTA5 27009,income,3002,452,3770
27011,ZCTA5 27011,income,5201,466,0
27012,ZCTA5 27012,income,28334,953,2226.25
27013,ZCTA5 27013,income,5814,712,2005
27014,ZCTA5 27014,income,942,302,0
27016,ZCTA5 27016,income,1339,240,240
27017,ZCTA5 27017,income,9144,631,0
27018,ZCTA5 27018,income,8204,591,1636
27019,ZCTA5 27019,income,3900,557,0
27020,ZCTA5 27020,income,6205,640,300
27021,ZCTA5 27021,income,17489,884,385
27022,ZCTA5 27022,income,1103,330,0
27023,ZCTA5 27023,income,12728,643,600
27024,ZCTA5 27024,income,3205,604,0
27025,ZCTA5 27025,income,10937,1010,30
27027,ZCTA5 27027,income,4190,349,5
27028,ZCTA5 27028,income,26465,943,3775
27030,ZCTA5 27030,income,35575,1042,2250
27040,ZCTA5 27040,income,12519,751,2810
27041,ZCTA5 27041,income,7951,760,7560
27042,ZCTA5 27042,income,606,304,500
27043,ZCTA5 27043,income,6917,695,0
27045,ZCTA5 27045,income,9552,639,315
27046,ZCTA5 27046,income,1771,392,0
27047,ZCTA5 27047,income,1439,356,0
27048,ZCTA5 27048,income,8423,525,0
27050,ZCTA5 27050,income,3811,487,0
27051,ZCTA5 27051,income,7641,573,1083.5
27052,ZCTA5 27052,income,10383,694,400
27053,ZCTA5 27053,income,3233,657,0
27054,ZCTA5 27054,income,2725,588,500
27055,ZCTA5 27055,income,13145,615,2400
27101,ZCTA5 27101,income,19713,1078,0
27103,ZCTA5 27103,income,34688,1406,4380
27104,ZCTA5 27104,income,28402,1064,44245
27105,ZCTA5 27105,income,40134,1717,0
27106,ZCTA5 27106,income,48709,1375,64407.8
27107,ZCTA5 27107,income,48000,1687,2715
27109,ZCTA5 27109,income,2661,297,0
27110,ZCTA5 27110,income,2723,1022,0
27127,ZCTA5 27127,income,40511,1382,4776
27201,ZCTA5 27201,income,66,42,7.5
27203,ZCTA5 27203,income,20983,782,1300
27205,ZCTA5 27205,income,34805,1321,6962.5
27207,ZCTA5 27207,income,3227,490,0
27208,ZCTA5 27208,income,1721,339,0
27209,ZCTA5 27209,income,4584,958,0
27212,ZCTA5 27212,income,2196,450,0
27214,ZCTA5 27214,income,11825,1087,1050
27215,ZCTA5 27215,income,42331,1097,7590.25
27217,ZCTA5 27217,income,37099,1280,1535.38
27229,ZCTA5 27229,income,3484,792,0
27231,ZCTA5 27231,income,2020,233,300
27233,ZCTA5 27233,income,4096,647,0
27235,ZCTA5 27235,income,4443,571,600
27239,ZCTA5 27239,income,9562,961,840
27242,ZCTA5 27242,income,1366,471,0
27243,ZCTA5 27243,income,4369,666,800
27244,ZCTA5 27244,income,16036,740,0
27248,ZCTA5 27248,income,3555,587,0
27249,ZCTA5 27249,income,11882,1015,1585
27252,ZCTA5 27252,income,1669,489,8.75
27253,ZCTA5 27253,income,30573,818,450
27258,ZCTA5 27258,income,7370,697,1875
27260,ZCTA5 27260,income,25505,984,1640.4
27262,ZCTA5 27262,income,24510,1299,14672.5
27263,ZCTA5 27263,income,21886,925,2345
27265,ZCTA5 27265,income,51477,1526,7799
27278,ZCTA5 27278,income,26884,1163,19498.25
27281,ZCTA5 27281,income,3433,674,3150
27282,ZCTA5 27282,income,17090,1089,15371
27283,ZCTA5 27283,income,3194,487,375
27284,ZCTA5 27284,income,55489,1397,709
27288,ZCTA5 27288,income,23436,726,385
27291,ZCTA5 27291,income,1616,566,0
27292,ZCTA5 27292,income,39360,1156,5
27295,ZCTA5 27295,income,38255,1389,2550
27298,ZCTA5 27298,income,10925,849,0
27299,ZCTA5 27299,income,6172,892,0
27301,ZCTA5 27301,income,9358,1218,0
27302,ZCTA5 27302,income,31280,1413,1525
27305,ZCTA5 27305,income,1624,274,0
27306,ZCTA5 27306,income,6428,522,0
27310,ZCTA5 27310,income,7253,318,180
27311,ZCTA5 27311,income,3521,465,0
27312,ZCTA5 27312,income,20508,956,9069.5
27313,ZCTA5 27313,income,6733,636,2500
27314,ZCTA5 27314,income,956,307,0
27315,ZCTA5 27315,income,1763,320,300
27316,ZCTA5 27316,income,8369,919,0
27317,ZCTA5 27317,income,16169,875,510
27320,ZCTA5 27320,income,38997,1102,3380
27325,ZCTA5 27325,income,7836,784,600
27326,ZCTA5 27326,income,2900,417,0
27330,ZCTA5 27330,income,40121,1079,5945.75
27332,ZCTA5 27332,income,30743,1584,1435
27340,ZCTA5 27340,income,43,48,0
27341,ZCTA5 27341,income,4810,658,0
27343,ZCTA5 27343,income,1772,460,1161.68
27344,ZCTA5 27344,income,19116,787,613.75
27349,ZCTA5 27349,income,5825,589,1990
27350,ZCTA5 27350,income,6412,814,200
27355,ZCTA5 27355,income,2394,559,1290
27356,ZCTA5 27356,income,2759,460,1600
27357,ZCTA5 27357,income,8901,787,100
27358,ZCTA5 27358,income,15028,665,6525
27360,ZCTA5 27360,income,45974,1284,2900
27370,ZCTA5 27370,income,14409,929,250
27371,ZCTA5 27371,income,8431,647,7025
27376,ZCTA5 27376,income,9802,989,4975
27377,ZCTA5 27377,income,8612,1259,0
27379,ZCTA5 27379,income,5246,757,125
27401,ZCTA5 27401,income,23388,1316,20465
27403,ZCTA5 27403,income,22867,971,410
27405,ZCTA5 27405,income,48879,2036,1725
27406,ZCTA5 27406,income,63199,2554,2708.75
27407,ZCTA5 27407,income,51900,1831,4536.25
27408,ZCTA5 27408,income,18323,751,35932
27409,ZCTA5 27409,income,17223,1263,2186.25
27410,ZCTA5 27410,income,55707,1643,36118.85
27455,ZCTA5 27455,income,28791,1288,16027.5
27501,ZCTA5 27501,income,21055,1157,2860
27502,ZCTA5 27502,income,41455,831,8239.5
27503,ZCTA5 27503,income,6377,922,1100
27504,ZCTA5 27504,income,15593,1433,1410
27505,ZCTA5 27505,income,6943,786,0
27507,ZCTA5 27507,income,1930,461,0
27508,ZCTA5 27508,income,1413,397,0
27509,ZCTA5 27509,income,6070,466,0
27510,ZCTA5 27510,income,15117,554,0
27511,ZCTA5 27511,income,34078,974,9280
27513,ZCTA5 27513,income,45542,1080,7763
27514,ZCTA5 27514,income,33208,1034,4443
27516,ZCTA5 27516,income,43036,1254,10475
27517,ZCTA5 27517,income,25355,869,86194.5
27518,ZCTA5 27518,income,20102,780,770
27519,ZCTA5 27519,income,56482,1114,5255
27520,ZCTA5 27520,income,42387,1891,2543.5
27521,ZCTA5 27521,income,6366,558,300
27522,ZCTA5 27522,income,12552,870,0
27523,ZCTA5 27523,income,12441,1107,925
27524,ZCTA5 27524,income,13675,1106,0
27525,ZCTA5 27525,income,14819,1028,300
27526,ZCTA5 27526,income,48581,1782,12975.5
27527,ZCTA5 27527,income,25337,1483,6138
27529,ZCTA5 27529,income,50683,1935,19433.5
27530,ZCTA5 27530,income,38940,1627,4380
27531,ZCTA5 27531,income,778,270,0
27534,ZCTA5 27534,income,32492,1283,3475
27536,ZCTA5 27536,income,16522,545,210
27537,ZCTA5 27537,income,23736,742,0
27539,ZCTA5 27539,income,23970,1384,1860
27540,ZCTA5 27540,income,39675,899,7336.05
27541,ZCTA5 27541,income,3915,765,300
27542,ZCTA5 27542,income,9288,982,10
27544,ZCTA5 27544,income,5131,619,0
27545,ZCTA5 27545,income,28676,1216,250
27546,ZCTA5 27546,income,21129,1036,2330
27549,ZCTA5 27549,income,26716,1373,2900
27551,ZCTA5 27551,income,1684,298,2500
27553,ZCTA5 27553,income,2725,475,0
27555,ZCTA5 27555,income,672,227,0
27556,ZCTA5 27556,income,238,108,0
27557,ZCTA5 27557,income,8205,913,0
27559,ZCTA5 27559,income,2622,558,350
27560,ZCTA5 27560,income,35800,1079,816
27562,ZCTA5 27562,income,2149,431,100
27563,ZCTA5 27563,income,4270,557,0
27565,ZCTA5 27565,income,25127,992,1370
27568,ZCTA5 27568,income,607,221,750
27569,ZCTA5 27569,income,7993,1040,200
27571,ZCTA5 27571,income,7407,207,900
27572,ZCTA5 27572,income,7081,676,250
27573,ZCTA5 27573,income,11391,682,0
27574,ZCTA5 27574,income,14036,854,280
27576,ZCTA5 27576,income,18222,1144,460
27577,ZCTA5 27577,income,26875,1276,5117.5
27581,ZCTA5 27581,income,4612,540,1
27582,ZCTA5 27582,income,409,227,0
27583,ZCTA5 27583,income,7073,802,0
27587,ZCTA5 27587,income,68491,1380,11998
27589,ZCTA5 27589,income,7938,544,0
27591,ZCTA5 27591,income,20562,1297,100
27592,ZCTA5 27592,income,15972,1386,137.5
27596,ZCTA5 27596,income,18043,1166,300
27597,ZCTA5 27597,income,24691,1629,0
27601,ZCTA5 27601,income,10525,638,3827.7200000000003
27603,ZCTA5 27603,income,54457,2066,1790
27604,ZCTA5 27604,income,48494,1833,3093.81
27605,ZCTA5 27605,income,5990,462,1118
27606,ZCTA5 27606,income,47478,1574,7030
27607,ZCTA5 27607,income,28874,1128,1995
27608,ZCTA5 27608,income,11203,606,66435
27609,ZCTA5 27609,income,33575,1400,74425.21
27610,ZCTA5 27610,income,79924,2136,1276.25
27612,ZCTA5 27612,income,39989,1417,8595
27613,ZCTA5 27613,income,42324,1398,13469.25
27614,ZCTA5 27614,income,32849,1177,13678
27615,ZCTA5 27615,income,43950,1266,19790
27616,ZCTA5 27616,income,55128,2147,7497.5
27617,ZCTA5 27617,income,20281,920,6213.57
27701,ZCTA5 27701,income,23112,1186,3265
27703,ZCTA5 27703,income,53733,2036,1011
27704,ZCTA5 27704,income,40392,2027,353.75
27705,ZCTA5 27705,income,49508,1523,3783.25
27707,ZCTA5 27707,income,51414,2005,12623
27709,ZCTA5 27709,income,1152,461,0
27712,ZCTA5 27712,income,21301,1023,1272
27713,ZCTA5 27713,income,54348,1518,13810
27801,ZCTA5 27801,income,20065,565,5557.5
27803,ZCTA5 27803,income,17905,1143,3715
27804,ZCTA5 27804,income,29519,912,5808.75
27805,ZCTA5 27805,income,4243,547,0
27806,ZCTA5 27806,income,2576,404,0
27807,ZCTA5 27807,income,6604,709,0
27808,ZCTA5 27808,income,2066,276,2150
27809,ZCTA5 27809,income,4747,649,550
27810,ZCTA5 27810,income,4045,596,1380
27812,ZCTA5 27812,income,2686,568,4000
27813,ZCTA5 27813,income,792,193,0
27814,ZCTA5 27814,income,1947,438,0
27816,ZCTA5 27816,income,2125,437,0
27817,ZCTA5 27817,income,7614,843,2225
27818,ZCTA5 27818,income,1699,490,0
27819,ZCTA5 27819,income,249,105,0
27820,ZCTA5 27820,income,2041,347,0
27821,ZCTA5 27821,income,225,138,0
27822,ZCTA5 27822,income,8225,739,250
27823,ZCTA5 27823,income,7950,574,0
27824,ZCTA5 27824,income,1797,406,0
27825,ZCTA5 27825,income,46,34,0
27826,ZCTA5 27826,income,924,229,0
27827,ZCTA5 27827,income,59,62,0
27828,ZCTA5 27828,income,9834,824,0
27829,ZCTA5 27829,income,1436,273,0
27830,ZCTA5 27830,income,4547,608,250
27831,ZCTA5 27831,income,3381,556,0
27832,ZCTA5 27832,income,2868,350,0
27834,ZCTA5 27834,income,57258,1613,8705
27837,ZCTA5 27837,income,7075,956,5
27839,ZCTA5 27839,income,3479,404,650
27840,ZCTA5 27840,income,328,110,0
27841,ZCTA5 27841,income,16,14,0
27842,ZCTA5 27842,income,1446,188,1418.75
27843,ZCTA5 27843,income,1053,379,0
27844,ZCTA5 27844,income,2846,215,0
27845,ZCTA5 27845,income,3192,548,0
27846,ZCTA5 27846,income,3096,391,0
27847,ZCTA5 27847,income,649,229,0
27849,ZCTA5 27849,income,1608,352,0
27850,ZCTA5 27850,income,7410,512,2000
27851,ZCTA5 27851,income,5458,557,0
27852,ZCTA5 27852,income,3061,420,0
27853,ZCTA5 27853,income,591,321,0
27855,ZCTA5 27855,income,6066,582,200
27856,ZCTA5 27856,income,17258,1142,959
27857,ZCTA5 27857,income,1037,206,205
27858,ZCTA5 27858,income,59182,1689,29621.25
27860,ZCTA5 27860,income,1663,413,1000
27861,ZCTA5 27861,income,44,33,0
27862,ZCTA5 27862,income,727,212,0
27863,ZCTA5 27863,income,12782,1020,0
27864,ZCTA5 27864,income,4652,514,0
27865,ZCTA5 27865,income,1963,413,0
27866,ZCTA5 27866,income,961,282,0
27869,ZCTA5 27869,income,1705,339,0
27870,ZCTA5 27870,income,25497,656,0
27871,ZCTA5 27871,income,4293,461,675
27872,ZCTA5 27872,income,535,155,0
27873,ZCTA5 27873,income,413,132,0
27874,ZCTA5 27874,income,3837,493,950
27875,ZCTA5 27875,income,477,272,0
27876,ZCTA5 27876,income,1218,303,0
27878,ZCTA5 27878,income,2045,550,0
27879,ZCTA5 27879,income,316,107,0
27880,ZCTA5 27880,income,3421,690,0
27881,ZCTA5 27881,income,146,151,0
27882,ZCTA5 27882,income,7972,937,45
27883,ZCTA5 27883,income,2850,396,220
27884,ZCTA5 27884,income,1332,546,0
27885,ZCTA5 27885,income,963,259,0
27886,ZCTA5 27886,income,20280,644,1297.5
27888,ZCTA5 27888,income,2261,350,0
27889,ZCTA5 27889,income,26637,954,3472.5
27890,ZCTA5 27890,income,2685,360,0
27891,ZCTA5 27891,income,5036,538,580
27892,ZCTA5 27892,income,14217,536,2550
27893,ZCTA5 27893,income,39531,1258,250
27896,ZCTA5 27896,income,20791,1302,5900
27897,ZCTA5 27897,income,1810,409,0
27909,ZCTA5 27909,income,39551,34,2766.25
27910,ZCTA5 27910,income,11691,764,0
27915,ZCTA5 27915,income,421,181,400
27916,ZCTA5 27916,income,860,271,0
27917,ZCTA5 27917,income,647,308,0
27919,ZCTA5 27919,income,1035,424,0
27920,ZCTA5 27920,income,1527,420,0
27921,ZCTA5 27921,income,4750,600,618.75
27922,ZCTA5 27922,income,687,197,0
27923,ZCTA5 27923,income,827,340,0
27924,ZCTA5 27924,income,3568,654,0
27925,ZCTA5 27925,income,4003,69,0
27926,ZCTA5 27926,income,1692,334,0
27927,ZCTA5 27927,income,947,163,700
27928,ZCTA5 27928,income,1717,324,0
27929,ZCTA5 27929,income,1787,393,0
27932,ZCTA5 27932,income,12129,420,5400
27935,ZCTA5 27935,income,1879,312,0
27936,ZCTA5 27936,income,953,247,0
27937,ZCTA5 27937,income,4448,442,0
27938,ZCTA5 27938,income,1233,271,0
27939,ZCTA5 27939,income,2862,482,0
27941,ZCTA5 27941,income,424,210,0
27942,ZCTA5 27942,income,658,186,0
27943,ZCTA5 27943,income,460,238,0
27944,ZCTA5 27944,income,11756,471,1850
27946,ZCTA5 27946,income,1022,261,0
27947,ZCTA5 27947,income,1259,379,0
27948,ZCTA5 27948,income,11245,480,8425
27949,ZCTA5 27949,income,7648,182,16908
27950,ZCTA5 27950,income,2048,295,25
27953,ZCTA5 27953,income,888,240,0
27954,ZCTA5 27954,income,7938,490,6550
27956,ZCTA5 27956,income,549,233,0
27957,ZCTA5 27957,income,1143,426,450
27958,ZCTA5 27958,income,11354,612,500
27959,ZCTA5 27959,income,2938,22,3875.22
27960,ZCTA5 27960,income,706,344,0
27962,ZCTA5 27962,income,7696,551,900
27964,ZCTA5 27964,income,661,237,0
27965,ZCTA5 27965,income,399,197,0
27966,ZCTA5 27966,income,818,267,950
27967,ZCTA5 27967,income,174,87,0
27968,ZCTA5 27968,income,141,96,265
27970,ZCTA5 27970,income,2446,465,120
27972,ZCTA5 27972,income,91,70,0
27973,ZCTA5 27973,income,1205,272,0
27974,ZCTA5 27974,income,1351,342,0
27976,ZCTA5 27976,income,4129,487,0
27978,ZCTA5 27978,income,184,95,0
27979,ZCTA5 27979,income,1473,259,0
27980,ZCTA5 27980,income,2018,452,2625
27981,ZCTA5 27981,income,1732,281,2900
27982,ZCTA5 27982,income,56,72,0
27983,ZCTA5 27983,income,8502,661,0
27985,ZCTA5 27985,income,390,144,0
27986,ZCTA5 27986,income,2362,289,0
28001,ZCTA5 28001,income,26557,655,4250
28006,ZCTA5 28006,income,1116,232,0
28007,ZCTA5 28007,income,720,232,0
28009,ZCTA5 28009,income,1183,220,0
28012,ZCTA5 28012,income,23830,868,5067
28016,ZCTA5 28016,income,13405,651,400
28017,ZCTA5 28017,income,730,200,0
28018,ZCTA5 28018,income,5234,709,0
28019,ZCTA5 28019,income,0,12,0
28020,ZCTA5 28020,income,2354,636,0
28021,ZCTA5 28021,income,14408,801,2201.25
28023,ZCTA5 28023,income,16129,1112,1615
28025,ZCTA5 28025,income,54425,1778,8261.25
28027,ZCTA5 28027,income,68716,1783,3937.5
28031,ZCTA5 28031,income,28077,569,9829
28032,ZCTA5 28032,income,3245,254,1750
28033,ZCTA5 28033,income,3132,595,0
28034,ZCTA5 28034,income,17386,966,650
28036,ZCTA5 28036,income,18266,622,730
28037,ZCTA5 28037,income,20619,778,1749
28039,ZCTA5 28039,income,82,79,0
28040,ZCTA5 28040,income,7441,664,0
28043,ZCTA5 28043,income,20339,1069,500
28052,ZCTA5 28052,income,35169,1176,0
28054,ZCTA5 28054,income,37876,1140,2509
28056,ZCTA5 28056,income,34373,1064,4493.75
28071,ZCTA5 28071,income,2667,484,640
28072,ZCTA5 28072,income,1527,311,0
28073,ZCTA5 28073,income,6541,866,0
28075,ZCTA5 28075,income,19099,556,100
28076,ZCTA5 28076,income,521,394,0
28077,ZCTA5 28077,income,467,141,0
28078,ZCTA5 28078,income,61043,974,7045.22
28079,ZCTA5 28079,income,37694,1035,24
28080,ZCTA5 28080,income,7857,796,825
28081,ZCTA5 28081,income,28116,1284,10
28083,ZCTA5 28083,income,25536,1218,1975
28086,ZCTA5 28086,income,25436,1022,2572.5
28088,ZCTA5 28088,income,2746,326,0
28089,ZCTA5 28089,income,227,74,0
28090,ZCTA5 28090,income,7820,752,350
28091,ZCTA5 28091,income,1975,341,0
28092,ZCTA5 28092,income,40517,1326,3059
28097,ZCTA5 28097,income,6078,406,388
28098,ZCTA5 28098,income,3632,100,0
28101,ZCTA5 28101,income,970,245,0
28102,ZCTA5 28102,income,95,62,0
28103,ZCTA5 28103,income,11281,861,3723.92
28104,ZCTA5 28104,income,31773,763,1985
28105,ZCTA5 28105,income,46180,1095,1833.75
28107,ZCTA5 28107,income,8024,758,750
28108,ZCTA5 28108,income,160,171,0
28109,ZCTA5 28109,income,334,80,0
28110,ZCTA5 28110,income,53733,1089,3535
28112,ZCTA5 28112,income,26831,1172,13037.5
28114,ZCTA5 28114,income,7475,1000,600
28115,ZCTA5 28115,income,37673,1310,880
28117,ZCTA5 28117,income,40855,1109,26907
28119,ZCTA5 28119,income,2391,471,0
28120,ZCTA5 28120,income,21582,814,600
28124,ZCTA5 28124,income,5946,567,500
28125,ZCTA5 28125,income,2421,368,0
28127,ZCTA5 28127,income,7704,589,5900
28128,ZCTA5 28128,income,7519,612,1150
28129,ZCTA5 28129,income,5416,476,15
28133,ZCTA5 28133,income,2420,395,0
28134,ZCTA5 28134,income,11037,509,15000
28135,ZCTA5 28135,income,6245,542,0
28137,ZCTA5 28137,income,3181,489,0
28138,ZCTA5 28138,income,10160,818,0
28139,ZCTA5 28139,income,20467,1036,651
28144,ZCTA5 28144,income,24858,1000,700
28146,ZCTA5 28146,income,28420,1245,1100
28147,ZCTA5 28147,income,23495,1021,250
28150,ZCTA5 28150,income,26965,1384,4856
28152,ZCTA5 28152,income,24523,1289,0
28159,ZCTA5 28159,income,2959,127,0
28160,ZCTA5 28160,income,3825,182,100
28163,ZCTA5 28163,income,5275,448,2500
28164,ZCTA5 28164,income,15623,675,1167.5
28166,ZCTA5 28166,income,9651,605,325
28167,ZCTA5 28167,income,2732,685,0
28168,ZCTA5 28168,income,10415,1063,0
28169,ZCTA5 28169,income,202,96,0
28170,ZCTA5 28170,income,11187,727,0
28173,ZCTA5 28173,income,59559,1098,65520.75
28174,ZCTA5 28174,income,9496,552,0
28202,ZCTA5 28202,income,13498,765,24500
28203,ZCTA5 28203,income,16655,742,1233
28204,ZCTA5 28204,income,7199,433,0
28205,ZCTA5 28205,income,48798,1441,5
28206,ZCTA5 28206,income,12036,774,0
28207,ZCTA5 28207,income,9986,604,45886
28208,ZCTA5 28208,income,40284,2029,150
28209,ZCTA5 28209,income,23533,997,4721.86
28210,ZCTA5 28210,income,48333,1448,37362.34
28211,ZCTA5 28211,income,31121,1056,18778
28212,ZCTA5 28212,income,47903,1716,102
28213,ZCTA5 28213,income,43099,1437,3678.75
28214,ZCTA5 28214,income,42412,1869,1375
28215,ZCTA5 28215,income,62543,1920,670
28216,ZCTA5 28216,income,49849,1988,635
28217,ZCTA5 28217,income,30082,1328,16127.54
28226,ZCTA5 28226,income,39796,1110,31023
28227,ZCTA5 28227,income,57336,1663,3840
28244,ZCTA5 28244,income,0,12,0
28262,ZCTA5 28262,income,43209,1667,1101
28269,ZCTA5 28269,income,77248,1886,4160
28270,ZCTA5 28270,income,36086,1341,3720
28273,ZCTA5 28273,income,41170,1747,50100
28277,ZCTA5 28277,income,72132,1385,33341
28278,ZCTA5 28278,income,29347,1357,6730
28280,ZCTA5 28280,income,0,12,0
28282,ZCTA5 28282,income,0,12,0
28301,ZCTA5 28301,income,16929,593,500
28303,ZCTA5 28303,income,29888,1100,13530
28304,ZCTA5 28304,income,36682,1040,4035
28305,ZCTA5 28305,income,5751,370,3753.75
28306,ZCTA5 28306,income,42973,1616,1768.75
28307,ZCTA5 28307,income,17065,1027,0
28308,ZCTA5 28308,income,588,216,0
28310,ZCTA5 28310,income,7066,1678,0
28311,ZCTA5 28311,income,35334,1168,2751.5
28312,ZCTA5 28312,income,19761,1138,3750
28314,ZCTA5 28314,income,58827,1167,1180
28315,ZCTA5 28315,income,13303,944,5950
28318,ZCTA5 28318,income,4250,687,0
28320,ZCTA5 28320,income,9233,828,0
28323,ZCTA5 28323,income,4207,572,300
28325,ZCTA5 28325,income,605,172,0
28326,ZCTA5 28326,income,24217,1374,2681.5
28327,ZCTA5 28327,income,17013,1023,10092.1
28328,ZCTA5 28328,income,27372,1139,7628
28330,ZCTA5 28330,income,293,190,0
28332,ZCTA5 28332,income,442,191,0
28333,ZCTA5 28333,income,10902,937,0
28334,ZCTA5 28334,income,23410,1071,1096
28337,ZCTA5 28337,income,10574,870,250
28338,ZCTA5 28338,income,4718,589,0
28339,ZCTA5 28339,income,7432,528,150
28340,ZCTA5 28340,income,10075,602,205
28341,ZCTA5 28341,income,5047,788,0
28342,ZCTA5 28342,income,216,76,0
28343,ZCTA5 28343,income,1457,281,0
28344,ZCTA5 28344,income,3726,884,0
28345,ZCTA5 28345,income,12003,800,0
28347,ZCTA5 28347,income,2187,385,0
28348,ZCTA5 28348,income,35721,1411,1671.5
28349,ZCTA5 28349,income,2598,610,16320
28350,ZCTA5 28350,income,144,169,0
28351,ZCTA5 28351,income,4598,437,0
28352,ZCTA5 28352,income,25575,497,1450
28356,ZCTA5 28356,income,4819,502,45
28357,ZCTA5 28357,income,2590,351,0
28358,ZCTA5 28358,income,38858,945,12775
28360,ZCTA5 28360,income,14769,977,0
28363,ZCTA5 28363,income,1415,437,3100
28364,ZCTA5 28364,income,14732,805,0
28365,ZCTA5 28365,income,15533,1054,1100
28366,ZCTA5 28366,income,5868,935,0
28367,ZCTA5 28367,income,126,74,0
28369,ZCTA5 28369,income,2585,366,0
28371,ZCTA5 28371,income,6964,844,18
28372,ZCTA5 28372,income,14196,642,0
28373,ZCTA5 28373,income,2749,429,0
28374,ZCTA5 28374,income,17347,341,43782
28375,ZCTA5 28375,income,164,68,0
28376,ZCTA5 28376,income,44967,729,1361.25
28377,ZCTA5 28377,income,12654,887,600
28379,ZCTA5 28379,income,24512,856,10
28382,ZCTA5 28382,income,7252,1027,8
28383,ZCTA5 28383,income,8518,602,0
28384,ZCTA5 28384,income,11162,681,0
28385,ZCTA5 28385,income,2277,561,6950
28386,ZCTA5 28386,income,6258,632,15
28387,ZCTA5 28387,income,15437,727,5700
28390,ZCTA5 28390,income,24768,1006,900
28391,ZCTA5 28391,income,5842,570,0
28392,ZCTA5 28392,income,1559,491,0
28393,ZCTA5 28393,income,1962,493,0
28394,ZCTA5 28394,income,5547,840,1450
28395,ZCTA5 28395,income,2046,366,600
28396,ZCTA5 28396,income,2583,343,0
28398,ZCTA5 28398,income,8296,979,2500
28399,ZCTA5 28399,income,1955,338,0
28401,ZCTA5 28401,income,24656,1169,640
28403,ZCTA5 28403,income,41525,1199,19111.25
28405,ZCTA5 28405,income,32909,1352,17553.75
28409,ZCTA5 28409,income,34849,1231,16997.5
28411,ZCTA5 28411,income,39019,1092,38490.27
28412,ZCTA5 28412,income,39106,1406,4980
28420,ZCTA5 28420,income,4075,762,3350
28421,ZCTA5 28421,income,1610,399,0
28422,ZCTA5 28422,income,8116,658,833.75
28423,ZCTA5 28423,income,2421,303,0
28424,ZCTA5 28424,income,48,30,0
28425,ZCTA5 28425,income,11833,859,1010
28428,ZCTA5 28428,income,6611,129,13120
28429,ZCTA5 28429,income,7058,938,40
28430,ZCTA5 28430,income,2298,340,0
28431,ZCTA5 28431,income,7027,871,0
28432,ZCTA5 28432,income,1407,387,175
28433,ZCTA5 28433,income,5228,787,0
28434,ZCTA5 28434,income,948,249,0
28435,ZCTA5 28435,income,2210,414,0
28436,ZCTA5 28436,income,2090,447,0
28438,ZCTA5 28438,income,1651,353,0
28439,ZCTA5 28439,income,1038,319,0
28441,ZCTA5 28441,income,3396,588,0
28442,ZCTA5 28442,income,1432,334,0
28443,ZCTA5 28443,income,23266,1017,7009.32
28444,ZCTA5 28444,income,2310,519,0
28445,ZCTA5 28445,income,7196,744,255
28447,ZCTA5 28447,income,1734,564,0
28448,ZCTA5 28448,income,902,415,0
28449,ZCTA5 28449,income,1778,204,0
28450,ZCTA5 28450,income,2684,327,0
28451,ZCTA5 28451,income,35236,1297,4580.22
28452,ZCTA5 28452,income,899,382,0
28453,ZCTA5 28453,income,3563,549,0
28454,ZCTA5 28454,income,2733,619,0
28455,ZCTA5 28455,income,2500,630,0
28456,ZCTA5 28456,income,3750,666,0
28457,ZCTA5 28457,income,10299,838,100
28458,ZCTA5 28458,income,6761,780,50
28460,ZCTA5 28460,income,10845,977,700
28461,ZCTA5 28461,income,20506,601,6582
28462,ZCTA5 28462,income,12917,1120,825
28463,ZCTA5 28463,income,9116,727,10
28464,ZCTA5 28464,income,3031,643,0
28465,ZCTA5 28465,income,7432,306,1302.5
28466,ZCTA5 28466,income,9292,760,3125
28467,ZCTA5 28467,income,10688,817,790
28468,ZCTA5 28468,income,5235,524,1485
28469,ZCTA5 28469,income,6094,603,5325
28470,ZCTA5 28470,income,12812,755,590
28472,ZCTA5 28472,income,18522,960,1325
28478,ZCTA5 28478,income,4757,668,350
28479,ZCTA5 28479,income,7561,919,0
28480,ZCTA5 28480,income,2599,55,1600
28501,ZCTA5 28501,income,17772,861,733.75
28504,ZCTA5 28504,income,21717,1052,4900
28508,ZCTA5 28508,income,3093,789,0
28510,ZCTA5 28510,income,1508,158,2850
28511,ZCTA5 28511,income,626,107,0
28512,ZCTA5 28512,income,3211,290,1000
28513,ZCTA5 28513,income,10339,729,550
28515,ZCTA5 28515,income,2606,294,0
28516,ZCTA5 28516,income,11455,655,10522
28518,ZCTA5 28518,income,8912,1109,0
28519,ZCTA5 28519,income,341,154,0
28520,ZCTA5 28520,income,243,113,0
28521,ZCTA5 28521,income,2769,484,0
28523,ZCTA5 28523,income,2196,401,750
28524,ZCTA5 28524,income,285,142,0
28525,ZCTA5 28525,income,2883,763,0
28526,ZCTA5 28526,income,2797,713,0
28527,ZCTA5 28527,income,788,213,0
28528,ZCTA5 28528,income,619,252,0
28529,ZCTA5 28529,income,1920,307,1050
28530,ZCTA5 28530,income,6577,921,60
28531,ZCTA5 28531,income,1260,152,0
28532,ZCTA5 28532,income,22220,1087,1400
28533,ZCTA5 28533,income,3331,762,0
28537,ZCTA5 28537,income,90,58,0
28538,ZCTA5 28538,income,2008,471,550
28539,ZCTA5 28539,income,16509,1141,37.5
28540,ZCTA5 28540,income,49144,2003,9478.7
28543,ZCTA5 28543,income,5180,434,0
28544,ZCTA5 28544,income,5917,726,0
28546,ZCTA5 28546,income,46435,2109,10547
28547,ZCTA5 28547,income,25354,1297,0
28551,ZCTA5 28551,income,14684,1163,0
28552,ZCTA5 28552,income,169,128,0
28553,ZCTA5 28553,income,402,186,0
28554,ZCTA5 28554,income,205,108,0
28555,ZCTA5 28555,income,4571,613,0
28556,ZCTA5 28556,income,1013,245,0
28557,ZCTA5 28557,income,15298,500,13150
28560,ZCTA5 28560,income,27458,1259,3073
28562,ZCTA5 28562,income,38317,1191,10288
28570,ZCTA5 28570,income,21402,764,830
28571,ZCTA5 28571,income,2474,246,4475
28572,ZCTA5 28572,income,6866,902,1150
28573,ZCTA5 28573,income,1770,306,0
28574,ZCTA5 28574,income,18448,1319,4625.9
28575,ZCTA5 28575,income,481,125,0
28577,ZCTA5 28577,income,333,89,0
28578,ZCTA5 28578,income,7504,1191,0
28579,ZCTA5 28579,income,639,266,0
28580,ZCTA5 28580,income,13010,578,600
28581,ZCTA5 28581,income,361,222,0
28582,ZCTA5 28582,income,2507,522,55
28583,ZCTA5 28583,income,313,98,0
28584,ZCTA5 28584,income,12536,708,9792
28585,ZCTA5 28585,income,3958,369,0
28586,ZCTA5 28586,income,7808,800,0
28587,ZCTA5 28587,income,263,96,0
28589,ZCTA5 28589,income,131,100,0
28590,ZCTA5 28590,income,25032,1306,6275
28594,ZCTA5 28594,income,3702,30,6035
28601,ZCTA5 28601,income,51401,1536,36920
28602,ZCTA5 28602,income,28902,1222,1695
28604,ZCTA5 28604,income,7227,643,850
28605,ZCTA5 28605,income,3312,531,2450
28606,ZCTA5 28606,income,1497,363,0
28607,ZCTA5 28607,income,36550,792,2405.5
28609,ZCTA5 28609,income,5615,591,0
28610,ZCTA5 28610,income,10639,846,0
28611,ZCTA5 28611,income,1131,399,0
28612,ZCTA5 28612,income,12314,927,250
28613,ZCTA5 28613,income,23353,1101,763
28615,ZCTA5 28615,income,1811,281,0
28616,ZCTA5 28616,income,166,76,0
28617,ZCTA5 28617,income,1924,408,600
28618,ZCTA5 28618,income,2561,309,0
28619,ZCTA5 28619,income,1593,351,0
28621,ZCTA5 28621,income,10637,921,100
28622,ZCTA5 28622,income,2189,394,0
28623,ZCTA5 28623,income,1540,299,0
28624,ZCTA5 28624,income,1499,452,0
28625,ZCTA5 28625,income,39559,1157,12550.25
28626,ZCTA5 28626,income,2693,474,0
28627,ZCTA5 28627,income,1020,222,0
28628,ZCTA5 28628,income,476,153,0
28629,ZCTA5 28629,income,0,12,0
28630,ZCTA5 28630,income,20262,1009,5800
28631,ZCTA5 28631,income,758,274,0
28634,ZCTA5 28634,income,4852,737,0
28635,ZCTA5 28635,income,3055,602,0
28636,ZCTA5 28636,income,4901,635,1200
28637,ZCTA5 28637,income,1692,303,0
28638,ZCTA5 28638,income,12277,845,850
28640,ZCTA5 28640,income,4985,692,250
28642,ZCTA5 28642,income,5881,508,0
28643,ZCTA5 28643,income,3842,603,250
28644,ZCTA5 28644,income,1147,331,100
28645,ZCTA5 28645,income,46232,1075,586.25
28646,ZCTA5 28646,income,310,126,2100
28647,ZCTA5 28647,income,16,25,0
28649,ZCTA5 28649,income,868,409,0
28650,ZCTA5 28650,income,10955,782,1050
28651,ZCTA5 28651,income,6820,729,0
28652,ZCTA5 28652,income,0,12,0
28654,ZCTA5 28654,income,3268,649,0
28655,ZCTA5 28655,income,55009,1052,2255
28657,ZCTA5 28657,income,8651,744,0
28658,ZCTA5 28658,income,27688,1223,478.75
28659,ZCTA5 28659,income,21457,1225,0
28660,ZCTA5 28660,income,2210,493,120
28662,ZCTA5 28662,income,193,120,0
28663,ZCTA5 28663,income,616,183,0
28665,ZCTA5 28665,income,2376,480,0
28666,ZCTA5 28666,income,138,128,0
28667,ZCTA5 28667,income,360,132,0
28668,ZCTA5 28668,income,481,244,0
28669,ZCTA5 28669,income,2623,567,20
28670,ZCTA5 28670,income,3649,885,0
28671,ZCTA5 28671,income,545,177,0
28672,ZCTA5 28672,income,15,23,0
28673,ZCTA5 28673,income,6221,712,875
28675,ZCTA5 28675,income,6707,363,500
28676,ZCTA5 28676,income,3788,526,0
28677,ZCTA5 28677,income,34703,1101,300
28678,ZCTA5 28678,income,5676,814,950
28679,ZCTA5 28679,income,1609,282,0
28681,ZCTA5 28681,income,26448,848,2650
28682,ZCTA5 28682,income,1474,443,0
28683,ZCTA5 28683,income,1232,262,0
28684,ZCTA5 28684,income,2038,389,0
28685,ZCTA5 28685,income,1854,383,0
28689,ZCTA5 28689,income,2586,629,0
28690,ZCTA5 28690,income,9189,725,415
28692,ZCTA5 28692,income,4070,574,0
28693,ZCTA5 28693,income,1690,317,900
28694,ZCTA5 28694,income,7719,643,750
28697,ZCTA5 28697,income,13833,1050,0
28698,ZCTA5 28698,income,2312,386,0
28701,ZCTA5 28701,income,3240,521,0
28702,ZCTA5 28702,income,456,147,0
28704,ZCTA5 28704,income,19261,1323,2000
28705,ZCTA5 28705,income,6870,435,0
28707,ZCTA5 28707,income,201,104,0
28708,ZCTA5 28708,income,318,212,0
28709,ZCTA5 28709,income,2470,473,0
28711,ZCTA5 28711,income,13269,518,1450
28712,ZCTA5 28712,income,19847,794,11955
28713,ZCTA5 28713,income,8799,386,2090
28714,ZCTA5 28714,income,16941,229,3073.5
28715,ZCTA5 28715,income,26476,1295,900
28716,ZCTA5 28716,income,17770,791,1820
28717,ZCTA5 28717,income,1948,423,2000
28718,ZCTA5 28718,income,379,146,0
28719,ZCTA5 28719,income,7674,498,400
28720,ZCTA5 28720,income,177,79,0
28721,ZCTA5 28721,income,10401,668,200
28722,ZCTA5 28722,income,6537,504,0
28723,ZCTA5 28723,income,10918,765,0
28725,ZCTA5 28725,income,26,30,0
28726,ZCTA5 28726,income,3701,874,7.5
28729,ZCTA5 28729,income,3114,522,0
28730,ZCTA5 28730,income,9221,890,0
28731,ZCTA5 28731,income,8368,872,2390
28732,ZCTA5 28732,income,18107,877,24850
28733,ZCTA5 28733,income,27,24,0
28734,ZCTA5 28734,income,27887,759,700
28735,ZCTA5 28735,income,303,133,0
28736,ZCTA5 28736,income,782,288,0
28739,ZCTA5 28739,income,21492,908,7150
28740,ZCTA5 28740,income,849,212,30
28741,ZCTA5 28741,income,3672,349,1730
28742,ZCTA5 28742,income,3155,543,1400
28743,ZCTA5 28743,income,1997,312,0
28745,ZCTA5 28745,income,417,182,0
28746,ZCTA5 28746,income,2420,291,5
28747,ZCTA5 28747,income,2297,367,1000
28748,ZCTA5 28748,income,12606,1020,0
28749,ZCTA5 28749,income,138,149,0
28751,ZCTA5 28751,income,3473,330,460
28752,ZCTA5 28752,income,30924,1064,1110
28753,ZCTA5 28753,income,9671,798,0
28754,ZCTA5 28754,income,10290,685,90.9
28756,ZCTA5 28756,income,4388,479,0
28757,ZCTA5 28757,income,100,60,0
28759,ZCTA5 28759,income,7456,284,436.25
28761,ZCTA5 28761,income,7194,747,100
28762,ZCTA5 28762,income,7054,572,0
28763,ZCTA5 28763,income,2419,632,0
28766,ZCTA5 28766,income,1331,291,20855
28768,ZCTA5 28768,income,7504,683,8928
28771,ZCTA5 28771,income,8069,140,300
28772,ZCTA5 28772,income,1149,340,375
28773,ZCTA5 28773,income,2973,392,0
28774,ZCTA5 28774,income,924,234,100
28775,ZCTA5 28775,income,304,184,0
28777,ZCTA5 28777,income,10717,712,600
28778,ZCTA5 28778,income,9584,859,1202
28779,ZCTA5 28779,income,18477,959,1087.5
28781,ZCTA5 28781,income,781,210,0
28782,ZCTA5 28782,income,6852,449,494
28783,ZCTA5 28783,income,1858,406,0
28785,ZCTA5 28785,income,7953,664,909
28786,ZCTA5 28786,income,21004,655,6800
28787,ZCTA5 28787,income,21533,1020,258.5
28789,ZCTA5 28789,income,5779,848,0
28790,ZCTA5 28790,income,3295,397,2510
28791,ZCTA5 28791,income,15528,1126,111.25
28792,ZCTA5 28792,income,34703,1521,1930.47
28801,ZCTA5 28801,income,13790,688,500
28803,ZCTA5 28803,income,34491,1370,9268.52
28804,ZCTA5 28804,income,22511,902,100
28805,ZCTA5 28805,income,19952,910,27.5
28806,ZCTA5 28806,income,43597,1463,1030
28901,ZCTA5 28901,income,4927,479,0
28902,ZCTA5 28902,income,1419,410,0
28904,ZCTA5 28904,income,8969,395,5605
28905,ZCTA5 28905,income,2863,536,0
28906,ZCTA5 28906,income,19701,736,4249.66
28909,ZCTA5 28909,income,993,310,410
